sheet	range	group	formula	count	cached	error
پیتزا	B4		'تاریخ'!CN	1	29	
پیتزا	C4		'تاریخ'!DN	1	مرداد	
پیتزا	D4		'تاریخ'!EN	1	1405	
پیتزا	E6		LET(\npizzaData, GET_ROW_BY_PERSIAN_DATE(BN,CN,DN,Table_Pizza_First),\ntotalGr, getIngredientValueById(1,pizzaData,Refresher),\nCONVERT_GR_TO_KG(totalGr)\n)	1	0	
پیتزا	F6		LET(\npizzaWarehouseData, GET_ROW_BY_PERSIAN_DATE(BN,CN,DN,Table_Pizza_Request),\ntotalGr, getIngredientValueById(1,pizzaWarehouseData,Refresher),\nCONVERT_GR_TO_KG(totalGr)\n)	1	0.05	
پیتزا	G6		LET(\npizzaData, GET_ROW_BY_PERSIAN_DATE(BN,CN,DN,Table_Pizza_Last),\ntotalGr ,getIngredientValueById(1,pizzaData,Refresher),\nCONVERT_GR_TO_KG(totalGr)\n)	1	0	
پیتزا	H6:H15	1	MINUS(SUM(FN,EN),GN)	10	0.05	
پیتزا	I6		LET(\ningredientId, 1,\namFoodIds, {71, 309, 74, 65, 76, 75, 308, 400, 27, 766, 767, 1},\nsinFoodIds, {4, 780, 781, 782, 783, 784},\nitFoodIds, {61, 62, 63, 310, 87, 73, 49, 551, 552, 553, 13, 768, 771},\nlaFoodIds, {85, 84},\nstFoodIds, {360, 504},\namericanPizzaSalesData, GET_ROW_BY_PERSIAN_DATE(BN,CN,DN,Table_SalesData_AmericanPizza),\nsinglePizzaSalesData, GET_ROW_BY_PERSIAN_DATE(BN,CN,DN,Table_SalesData_SinglePizza),\nitalianPizzaSalesData, GET_ROW_BY_PERSIAN_DATE(BN,CN,DN,Table_SalesData_ItalianPizza),\npastaSalesData, GET_ROW_BY_PERSIAN_DATE(BN,CN,DN,Table_SalesData_Pasta),\nstarterSalesData, GET_ROW_BY_PERSIAN_DATE(BN,CN,DN,Table_SalesData_Starter),\npersonelSalesData, GET_ROW_BY_PERSIAN_DATE(BN,CN,DN,Table_SalesData_Personel),\namTotal, getTotalFoodsIngredient(amFoodIds,ingredientId,americanPizzaSalesData,"Table_Ingredients_AmericanPizza",Refresher),\nsinTotal, getTotalFoodsIngredient(sinFoodIds,ingredientId,singlePizzaSalesData,"Table_Ingredients_SinglePizza",Refresher),\nitTotal, getTotalFoodsIngredient(itFoodIds,ingredientId,italianPizzaSalesData,"Table_Ingredients_ItalianPizza",Refresher),\nlaTotal, getTotalFoodsIngredient(laFoodIds,ingredientId,pastaSalesData,"Table_Ingredients_Lasagna",Refresher),\nstTotal, getTotalFoodsIngredient(stFoodIds,ingredientId,starterSalesData,"Table_Ingredients_Starter",Refresher),\nperTotal, getFoodValueById(10,personelSalesData) * getIngredientValue(10,ingredientId,"Table_Ingredients_Personel",Refresher),\ntotalGr, SUM(amTotal,sinTotal, itTotal,laTotal,stTotal,perTotal),\nCONVERT_GR_TO_KG(totalGr)\n)	1	52.93	
پیتزا	J6:J15	2	MINUS(IN,HN)	10	52.88	
پیتزا	K6		LET(\namFoodIds, {71, 309, 74, 65, 76, 75, 308, 400, 27, 766, 767, 1},\nsinFoodIds, {4, 780, 781, 782, 783, 784},\nitFoodIds, {61, 62, 63, 310, 87, 73, 49, 551, 552, 553, 13, 768, 771},\nlaFoodIds, {85, 84},\nstFoodIds, {360, 504},\namericanPizzaSalesData, GET_ROW_BY_PERSIAN_DATE(BN,CN,DN,Table_SalesData_AmericanPizza),\nsinglePizzaSalesData, GET_ROW_BY_PERSIAN_DATE(BN,CN,DN,Table_SalesData_SinglePizza),\nitalianPizzaSalesData, GET_ROW_BY_PERSIAN_DATE(BN,CN,DN,Table_SalesData_ItalianPizza),\npastaSalesData, GET_ROW_BY_PERSIAN_DATE(BN,CN,DN,Table_SalesData_Pasta),\nstarterSalesData, GET_ROW_BY_PERSIAN_DATE(BN,CN,DN,Table_SalesData_Starter),\npersonelSalesData, GET_ROW_BY_PERSIAN_DATE(BN,CN,DN,Table_SalesData_Personel),\namTotal, getTotalFoodsCountsInRowById(amFoodIds,americanPizzaSalesData,Refresher),\nsinTotal, getTotalFoodsCountsInRowById(sinFoodIds,singlePizzaSalesData,Refresher),\nitTotal, getTotalFoodsCountsInRowById(itFoodIds,italianPizzaSalesData,Refresher),\nlaTotal, getTotalFoodsCountsInRowById(laFoodIds,pastaSalesData,Refresher),\nstTotal, getTotalFoodsCountsInRowById(stFoodIds,starterSalesData,Refresher),\nperTotal, getTotalFoodsCountsInRowById(10,personelSalesData,Refresher),\nSUM(amTotal, sinTotal, itTotal,laTotal,stTotal,perTotal)\n)	1	315	
پیتزا	L6		LET(\ntolerancePerFoodGr, 5,\ntelorancKg, CONVERT_GR_TO_KG(KN * tolerancePerFoodGr),\nMINUS(JN , telorancKg)\n)	1	51.305	
پیتزا	M6:M15	3	ROUND(DIVIDE(LN,KN),3)	10	0.163	
پیتزا	E7		LET(\npizzaData, GET_ROW_BY_PERSIAN_DATE(BN,CN,DN,Table_Pizza_First),\ntotalGr, getIngredientValueById(2,pizzaData,Refresher),\nCONVERT_GR_TO_KG(totalGr)\n)	1	0	
پیتزا	F7		LET(\npizzaWarehouseData, GET_ROW_BY_PERSIAN_DATE(BN,CN,DN,Table_Pizza_Request),\ntotalGr, getIngredientValueById(2,pizzaWarehouseData,Refresher),\nCONVERT_GR_TO_KG(totalGr)\n)	1	0.002	
پیتزا	G7		LET(\npizzaData, GET_ROW_BY_PERSIAN_DATE(BN,CN,DN,Table_Pizza_Last),\ntotalGr ,getIngredientValueById(2,pizzaData,Refresher),\nCONVERT_GR_TO_KG(totalGr)\n)	1	0	
پیتزا	I7		LET(\ningredientId, 2,\namFoodIds, 71,\nitFoodIds, 61,\nlaFoodIds, 84,\nsinFoodIds, 4,\namericanPizzaSalesData, GET_ROW_BY_PERSIAN_DATE(BN,CN,DN,Table_SalesData_AmericanPizza),\nitalianPizzaSalesData, GET_ROW_BY_PERSIAN_DATE(BN,CN,DN,Table_SalesData_ItalianPizza),\npastaSalesData, GET_ROW_BY_PERSIAN_DATE(BN,CN,DN,Table_SalesData_Pasta),\nsinglePizzaSalesData, GET_ROW_BY_PERSIAN_DATE(BN,CN,DN,Table_SalesData_SinglePizza),\nsinTotal, getTotalFoodsIngredient(sinFoodIds,ingredientId,singlePizzaSalesData,"Table_Ingredients_SinglePizza",Refresher),\namTotal, getTotalFoodsIngredient(amFoodIds,ingredientId,americanPizzaSalesData,"Table_Ingredients_AmericanPizza",Refresher),\nitTotal, getTotalFoodsIngredient(itFoodIds,ingredientId,italianPizzaSalesData,"Table_Ingredients_ItalianPizza",Refresher),\nlaTotal, getTotalFoodsIngredient(laFoodIds,ingredientId,pastaSalesData,"Table_Ingredients_Lasagna",Refresher),\ntotalGr, SUM(amTotal, sinTotal, itTotal, laTotal),\nCONVERT_GR_TO_KG(totalGr)\n)	1	4.175	
پیتزا	K7		LET(\namericanPizzaSalesData, GET_ROW_BY_PERSIAN_DATE(BN,CN,DN,Table_SalesData_AmericanPizza),\nitalianPizzaSalesData, GET_ROW_BY_PERSIAN_DATE(BN,CN,DN,Table_SalesData_ItalianPizza),\npastaSalesData, GET_ROW_BY_PERSIAN_DATE(BN,CN,DN,Table_SalesData_Pasta),\nsinglePizzaSalesData, GET_ROW_BY_PERSIAN_DATE(BN,CN,DN,Table_SalesData_SinglePizza),\nsinTotal, getTotalFoodsCountsInRowById(4,singlePizzaSalesData,Refresher),\namTotal, getTotalFoodsCountsInRowById(71,americanPizzaSalesData,Refresher),\nitTotal, getTotalFoodsCountsInRowById(61,italianPizzaSalesData,Refresher),\nlaTotal, getTotalFoodsCountsInRowById(84,pastaSalesData,Refresher),\nSUM(amTotal,itTotal,laTotal,sinTotal)\n)	1	45	
پیتزا	L7		LET(\ntolerancePerKilogramGr, 140,\nteloranc, MULTIPLY(tolerancePerKilogramGr,IN),\ntelorancKg, CONVERT_GR_TO_KG(teloranc),\nMINUS(JN , telorancKg)\n)	1	3.5885	
پیتزا	E8		LET(\npizzaData, GET_ROW_BY_PERSIAN_DATE(BN,CN,DN,Table_Pizza_First),\ntotalGr, getIngredientValueById(3,pizzaData,Refresher),\nCONVERT_GR_TO_KG(totalGr)\n)	1	0	
پیتزا	F8		LET(\npizzaWarehouseData, GET_ROW_BY_PERSIAN_DATE(BN,CN,DN,Table_Pizza_Request),\ntotalGr, getIngredientValueById(3,pizzaWarehouseData,Refresher),\nCONVERT_GR_TO_KG(totalGr)\n)	1	0.00913	
پیتزا	G8		LET(\npizzaData, GET_ROW_BY_PERSIAN_DATE(BN,CN,DN,Table_Pizza_Last),\ntotalGr , getIngredientValueById(3,pizzaData,Refresher),\nCONVERT_GR_TO_KG(totalGr)\n)	1	0	
پیتزا	I8		LET(\ningredientId, 3,\namFoodIds, {74, 76, 308, 767, 1},\nitFoodIds, {63, 310, 49, 768, 771},\nsinFoodIds, 782,\nsinglePizzaSalesData, GET_ROW_BY_PERSIAN_DATE(BN,CN,DN,Table_SalesData_SinglePizza),\namericanPizzaSalesData, GET_ROW_BY_PERSIAN_DATE(BN,CN,DN,Table_SalesData_AmericanPizza),\nitalianPizzaSalesData, GET_ROW_BY_PERSIAN_DATE(BN,CN,DN,Table_SalesData_ItalianPizza),\npersonelSalesData, GET_ROW_BY_PERSIAN_DATE(BN,CN,DN,Table_SalesData_Personel),\nsinTotal, getTotalFoodsIngredient(sinFoodIds,ingredientId,singlePizzaSalesData,"Table_Ingredients_SinglePizza",Refresher),\namTotal, getTotalFoodsIngredient(amFoodIds,ingredientId,americanPizzaSalesData,"Table_Ingredients_AmericanPizza",Refresher),\nitTotal, getTotalFoodsIngredient(itFoodIds,ingredientId,italianPizzaSalesData,"Table_Ingredients_ItalianPizza",Refresher),\nperTotal, getFoodValueById(10,personelSalesData,Refresher) * getIngredientValue(10,ingredientId,"Table_Ingredients_Personel",Refresher),\ntotalGr, SUM(amTotal,itTotal,perTotal, sinTotal),\nCONVERT_GR_TO_KG(totalGr)\n)	1	8.72	
پیتزا	K8		LET(\namFoodIds, {74, 76, 308, 767, 1},\nitFoodIds, {63, 310, 49, 768, 771},\nsinFoodIds, 782,\namericanPizzaSalesData, GET_ROW_BY_PERSIAN_DATE(BN,CN,DN,Table_SalesData_AmericanPizza),\nitalianPizzaSalesData, GET_ROW_BY_PERSIAN_DATE(BN,CN,DN,Table_SalesData_ItalianPizza),\npersonelSalesData, GET_ROW_BY_PERSIAN_DATE(BN,CN,DN,Table_SalesData_Personel),\nsinglePizzaSalesData, GET_ROW_BY_PERSIAN_DATE(BN,CN,DN,Table_SalesData_SinglePizza),\nsinTotal, getTotalFoodsCountsInRowById(sinFoodIds,singlePizzaSalesData,Refresher),\namTotal, getTotalFoodsCountsInRowById(amFoodIds,americanPizzaSalesData,Refresher),\nitTotal, getTotalFoodsCountsInRowById(itFoodIds,italianPizzaSalesData,Refresher),\nperTotal, getTotalFoodsCountsInRowById(10,personelSalesData,Refresher),\nSUM(amTotal,itTotal,perTotal,sinTotal)\n)	1	116	
پیتزا	L8		LET(\ntolerancePerFoodGr, 4,\ntelorancKg, CONVERT_GR_TO_KG(KN * tolerancePerFoodGr),\nMINUS(JN , telorancKg)\n)	1	8.24687	
پیتزا	E9		LET(\npizzaData, GET_ROW_BY_PERSIAN_DATE(BN,CN,DN,Table_Pizza_First),\ntotalGr, getIngredientValueById(4,pizzaData,Refresher),\nCONVERT_GR_TO_KG(totalGr)\n)	1	0	
پیتزا	F9		LET(\npizzaWarehouseData, GET_ROW_BY_PERSIAN_DATE(BN,CN,DN,Table_Pizza_Request),\ntotalGr, getIngredientValueById(4,pizzaWarehouseData,Refresher),\nCONVERT_GR_TO_KG(totalGr)\n)	1	0.008295	
پیتزا	G9		LET(\npizzaData, GET_ROW_BY_PERSIAN_DATE(BN,CN,DN,Table_Pizza_Last),\ntotalGr, getIngredientValueById(4,pizzaData,Refresher),\nCONVERT_GR_TO_KG(totalGr)\n)	1	0	
پیتزا	I9		LET(\ningredientId, 4,\namFoodIds, {75, 309},\nitFoodIds, {63, 87},\nsinFoodIds, 781,\nsinglePizzaSalesData, GET_ROW_BY_PERSIAN_DATE(BN,CN,DN,Table_SalesData_SinglePizza),\namericanPizzaSalesData, GET_ROW_BY_PERSIAN_DATE(BN,CN,DN,Table_SalesData_AmericanPizza),\nitalianPizzaSalesData, GET_ROW_BY_PERSIAN_DATE(BN,CN,DN,Table_SalesData_ItalianPizza),\nsinTotal, getTotalFoodsIngredient(sinFoodIds,ingredientId,singlePizzaSalesData,"Table_Ingredients_SinglePizza",Refresher),\namTotal, getTotalFoodsIngredient(amFoodIds,ingredientId,americanPizzaSalesData,"Table_Ingredients_AmericanPizza",Refresher),\nitTotal, getTotalFoodsIngredient(itFoodIds,ingredientId,italianPizzaSalesData,"Table_Ingredients_ItalianPizza",Refresher),\ntotalGr, SUM(amTotal,itTotal,sinTotal),\nCONVERT_GR_TO_KG(totalGr)\n)	1	6.4	
پیتزا	K9		LET(\namFoodIds, {75, 309},\nitFoodIds, {63, 87},\nsinFoodIds, 781,\nsinglePizzaSalesData, GET_ROW_BY_PERSIAN_DATE(BN,CN,DN,Table_SalesData_SinglePizza),\namericanPizzaSalesData, GET_ROW_BY_PERSIAN_DATE(BN,CN,DN,Table_SalesData_AmericanPizza),\nitalianPizzaSalesData, GET_ROW_BY_PERSIAN_DATE(BN,CN,DN,Table_SalesData_ItalianPizza),\nsinTotal, getTotalFoodsCountsInRowById(sinFoodIds,singlePizzaSalesData,Refresher),\namTotal, getTotalFoodsCountsInRowById(amFoodIds,americanPizzaSalesData,Refresher),\nitTotal, getTotalFoodsCountsInRowById(itFoodIds,italianPizzaSalesData,Refresher),\nSUM(amTotal,itTotal,sinTotal)\n)	1	69	
پیتزا	L9		JN	1	6.391705	
پیتزا	E10		LET(\npizzaData, GET_ROW_BY_PERSIAN_DATE(BN,CN,DN,Table_Pizza_First),\ntotalGr, getIngredientValueById(5,pizzaData,Refresher),\nCONVERT_GR_TO_KG(totalGr)\n)	1	0	
پیتزا	F10		LET(\npizzaWarehouseData, GET_ROW_BY_PERSIAN_DATE(BN,CN,DN,Table_Pizza_Request),\ntotalGr, getIngredientValueById(5,pizzaWarehouseData,Refresher),\nCONVERT_GR_TO_KG(totalGr)\n)	1	0.016625	
پیتزا	G10		LET(\npizzaData, GET_ROW_BY_PERSIAN_DATE(BN,CN,DN,Table_Pizza_Last),\ntotalGr, getIngredientValueById(5,pizzaData,Refresher),\nCONVERT_GR_TO_KG(totalGr)\n)	1	0	
پیتزا	I10		LET(\ningredientId, 5,\namFoodIds, {74, 65, 76},\nitFoodIds, {63, 73, 49, 553},\nsinFoodIds, 783,\nsinglePizzaSalesData, GET_ROW_BY_PERSIAN_DATE(BN,CN,DN,Table_SalesData_SinglePizza),\namericanPizzaSalesData, GET_ROW_BY_PERSIAN_DATE(BN,CN,DN,Table_SalesData_AmericanPizza),\nitalianPizzaSalesData, GET_ROW_BY_PERSIAN_DATE(BN,CN,DN,Table_SalesData_ItalianPizza),\nsinTotal, getTotalFoodsIngredient(sinFoodIds,ingredientId,singlePizzaSalesData,"Table_Ingredients_SinglePizza",Refresher),\namTotal, getTotalFoodsIngredient(amFoodIds,ingredientId,americanPizzaSalesData,"Table_Ingredients_AmericanPizza",Refresher),\nitTotal, getTotalFoodsIngredient(itFoodIds,ingredientId,italianPizzaSalesData,"Table_Ingredients_ItalianPizza",Refresher),\ntotalGr, SUM(amTotal,itTotal,sinTotal),\nCONVERT_GR_TO_KG(totalGr)\n)	1	13.12	
پیتزا	K10		LET(\namFoodIds, {74, 65, 76},\nitFoodIds, {63, 73, 49, 553},\nsinFoodIds, 783,\nsinglePizzaSalesData, GET_ROW_BY_PERSIAN_DATE(BN,CN,DN,Table_SalesData_SinglePizza),\namericanPizzaSalesData, GET_ROW_BY_PERSIAN_DATE(BN,CN,DN,Table_SalesData_AmericanPizza),\nitalianPizzaSalesData, GET_ROW_BY_PERSIAN_DATE(BN,CN,DN,Table_SalesData_ItalianPizza),\nsinTotal, getTotalFoodsCountsInRowById(sinFoodIds,singlePizzaSalesData,Refresher),\namTotal, getTotalFoodsCountsInRowById(amFoodIds,americanPizzaSalesData,Refresher),\nitTotal, getTotalFoodsCountsInRowById(itFoodIds,italianPizzaSalesData,Refresher),\nSUM(amTotal,itTotal,sinTotal)\n)	1	103	
پیتزا	L10		LET(\ntolerancePerKilogramGr, 75,\nteloranc, MULTIPLY(tolerancePerKilogramGr,IN),\ntelorancKg, CONVERT_GR_TO_KG(teloranc),\nMINUS(JN , telorancKg)\n)	1	12.119375	
پیتزا	E11		LET(\npizzaData, GET_ROW_BY_PERSIAN_DATE(BN,CN,DN,Table_Pizza_First),\ntotalGr, getIngredientValueById(6,pizzaData,Refresher),\nCONVERT_GR_TO_KG(totalGr)\n)	1	0	
پیتزا	F11		LET(\npizzaWarehouseData, GET_ROW_BY_PERSIAN_DATE(BN,CN,DN,Table_Pizza_Request),\ntotalGr, getIngredientValueById(6,pizzaWarehouseData,Refresher),\nCONVERT_GR_TO_KG(totalGr)\n)	1	0.004	
پیتزا	G11		LET(\npizzaData, GET_ROW_BY_PERSIAN_DATE(BN,CN,DN,Table_Pizza_Last),\ntotalGr ,getIngredientValueById(6,pizzaData,Refresher),\nCONVERT_GR_TO_KG(totalGr)\n)	1	0	
پیتزا	I11		LET(\ningredientId, 6,\namFoodIds, {74, 309, 27},\nitFoodIds, {49, 13},\nsinFoodIds, 780,\nsinglePizzaSalesData, GET_ROW_BY_PERSIAN_DATE(BN,CN,DN,Table_SalesData_SinglePizza),\namericanPizzaSalesData, GET_ROW_BY_PERSIAN_DATE(BN,CN,DN,Table_SalesData_AmericanPizza),\nitalianPizzaSalesData, GET_ROW_BY_PERSIAN_DATE(BN,CN,DN,Table_SalesData_ItalianPizza),\npastaSalesData, GET_ROW_BY_PERSIAN_DATE(BN,CN,DN,Table_SalesData_Pasta),\nsinTotal, getTotalFoodsIngredient(sinFoodIds,ingredientId,singlePizzaSalesData,"Table_Ingredients_SinglePizza",Refresher),\namTotal, getTotalFoodsIngredient(amFoodIds,ingredientId,americanPizzaSalesData,"Table_Ingredients_AmericanPizza",Refresher),\nitTotal, getTotalFoodsIngredient(itFoodIds,ingredientId,italianPizzaSalesData,"Table_Ingredients_ItalianPizza",Refresher),\nlaTotal, getFoodValueById(85,pastaSalesData,Refresher) * getIngredientValue(85,ingredientId,"Table_Ingredients_Lasagna",Refresher),\ntotalGr, SUM(amTotal,itTotal,laTotal,sinTotal),\nCONVERT_GR_TO_KG(totalGr)\n)	1	7.67	
پیتزا	K11		LET(\namFoodIds, {74, 309, 27},\nitFoodIds, {49, 13},\nsinFoodIds, 780,\nsinglePizzaSalesData, GET_ROW_BY_PERSIAN_DATE(BN,CN,DN,Table_SalesData_SinglePizza),\namericanPizzaSalesData, GET_ROW_BY_PERSIAN_DATE(BN,CN,DN,Table_SalesData_AmericanPizza),\nitalianPizzaSalesData, GET_ROW_BY_PERSIAN_DATE(BN,CN,DN,Table_SalesData_ItalianPizza),\npastaSalesData, GET_ROW_BY_PERSIAN_DATE(BN,CN,DN,Table_SalesData_Pasta),\nsinTotal, getTotalFoodsCountsInRowById(sinFoodIds,singlePizzaSalesData,Refresher),\namTotal, getTotalFoodsCountsInRowById(amFoodIds,americanPizzaSalesData,Refresher),\nitTotal, getTotalFoodsCountsInRowById(itFoodIds,italianPizzaSalesData,Refresher),\nlaTotal, getTotalFoodsCountsInRowById(85,pastaSalesData,Refresher),\nSUM(amTotal,itTotal,laTotal,sinTotal)\n)	1	63	
پیتزا	L11:L15	4	JN	5	7.666	
پیتزا	E12		LET(\npizzaData, GET_ROW_BY_PERSIAN_DATE(BN,CN,DN,Table_Pizza_First),\ntotalGr, getIngredientValueById(7,pizzaData,Refresher),\nCONVERT_GR_TO_KG(totalGr)\n)	1	0	
پیتزا	F12		LET(\npizzaWarehouseData, GET_ROW_BY_PERSIAN_DATE(BN,CN,DN,Table_Pizza_Request),\ntotalGr, getIngredientValueById(7,pizzaWarehouseData,Refresher),\nCONVERT_GR_TO_KG(totalGr)\n)	1	0	
پیتزا	G12		LET(\npizzaData, GET_ROW_BY_PERSIAN_DATE(BN,CN,DN,Table_Pizza_Last),\ntotalGr ,getIngredientValueById(7,pizzaData,Refresher),\nCONVERT_GR_TO_KG(totalGr)\n\n)	1	0	
پیتزا	I12		LET(\ningredientId, 7,\namericanPizzaSalesData, GET_ROW_BY_PERSIAN_DATE(BN,CN,DN,Table_SalesData_AmericanPizza),\ntotalGr, getFoodValueById(400,americanPizzaSalesData,Refresher) * getIngredientValue(400,ingredientId,"Table_Ingredients_AmericanPizza",Refresher),\nCONVERT_GR_TO_KG(totalGr)\n)	1	0	
پیتزا	K12		LET(\namericanPizzaSalesData, GET_ROW_BY_PERSIAN_DATE(BN,CN,DN,Table_SalesData_AmericanPizza),\ngetTotalFoodsCountsInRowById(400,americanPizzaSalesData,Refresher)\n)	1	0	
پیتزا	E13		LET(\npizzaData, GET_ROW_BY_PERSIAN_DATE(BN,CN,DN,Table_Pizza_First),\ntotalGr, getIngredientValueById(8,pizzaData,Refresher),\nCONVERT_GR_TO_KG(totalGr)\n)	1	0	
پیتزا	F13		LET(\npizzaWarehouseData, GET_ROW_BY_PERSIAN_DATE(BN,CN,DN,Table_Pizza_Request),\ntotalGr, getIngredientValueById(8,pizzaWarehouseData,Refresher),\nCONVERT_GR_TO_KG(totalGr)\n)	1	0.00217	
پیتزا	G13		LET(\npizzaData, GET_ROW_BY_PERSIAN_DATE(BN,CN,DN,Table_Pizza_Last),\ntotalGr, getIngredientValueById(8,pizzaData,Refresher),\nCONVERT_GR_TO_KG(totalGr)\n\n)	1	0	
پیتزا	I13		LET(\ningredientId, 8,\nitFoodIds, {62, 63},\nitalianPizzaSalesData, GET_ROW_BY_PERSIAN_DATE(BN,CN,DN,Table_SalesData_ItalianPizza),\ntotalGr, getTotalFoodsIngredient(itFoodIds,ingredientId,italianPizzaSalesData,"Table_Ingredients_ItalianPizza",Refresher),\nCONVERT_GR_TO_KG(totalGr)\n\n)	1	2.31	
پیتزا	K13		LET(\nitFoodIds, {62, 63},\nitalianPizzaSalesData, GET_ROW_BY_PERSIAN_DATE(BN,CN,DN,Table_SalesData_ItalianPizza),\ngetTotalFoodsCountsInRowById(itFoodIds,italianPizzaSalesData,Refresher)\n)	1	35	
پیتزا	E14		LET(\npizzaData, GET_ROW_BY_PERSIAN_DATE(BN,CN,DN,Table_Pizza_First),\ntotalGr, getIngredientValueById(9,pizzaData,Refresher),\nCONVERT_GR_TO_KG(totalGr)\n)	1	0	
پیتزا	F14		LET(\npizzaWarehouseData, GET_ROW_BY_PERSIAN_DATE(BN,CN,DN,Table_Pizza_Request),\ntotalGr , getIngredientValueById(9,pizzaWarehouseData,Refresher),\nCONVERT_GR_TO_KG(totalGr)\n)	1	0	
پیتزا	G14		LET(\npizzaData, GET_ROW_BY_PERSIAN_DATE(BN,CN,DN,Table_Pizza_Last),\ntotalGr, getIngredientValueById(9,pizzaData,Refresher),\nCONVERT_GR_TO_KG(totalGr)\n)	1	0	
پیتزا	I14		LET(\ningredientId, 9,\nitalianPizzaSalesData, GET_ROW_BY_PERSIAN_DATE(BN,CN,DN,Table_SalesData_ItalianPizza),\ntotalGr, getFoodValueById(552,italianPizzaSalesData,Refresher) * getIngredientValue(552,ingredientId,"Table_Ingredients_ItalianPizza",Refresher),\nCONVERT_GR_TO_KG(totalGr)\n)	1	0.33	
پیتزا	K14		LET(\nitalianPizzaSalesData, GET_ROW_BY_PERSIAN_DATE(BN,CN,DN,Table_SalesData_ItalianPizza),\ngetTotalFoodsCountsInRowById(552,italianPizzaSalesData,Refresher)\n)	1	3	
پیتزا	E15		LET(\npizzaData, GET_ROW_BY_PERSIAN_DATE(BN,CN,DN,Table_Pizza_First),\ntotalGr, getIngredientValueById(25,pizzaData,Refresher),\nCONVERT_GR_TO_KG(totalGr)\n)	1	0	
پیتزا	F15		LET(\npizzaWarehouseData, GET_ROW_BY_PERSIAN_DATE(BN,CN,DN,Table_Pizza_Request),\ntotalGr , getIngredientValueById(25,pizzaWarehouseData,Refresher),\nCONVERT_GR_TO_KG(totalGr)\n)	1	0.0056	
پیتزا	G15		LET(\npizzaData, GET_ROW_BY_PERSIAN_DATE(BN,CN,DN,Table_Pizza_Last),\ntotalGr, getIngredientValueById(25,pizzaData,Refresher),\nCONVERT_GR_TO_KG(totalGr)\n)	1	0	
پیتزا	I15		LET(\ningredientId, 25,\namFoodIds, {766, 767, 1},\nitFoodIds, {768, 771},\nsinFoodIds, {784, 782},\nsinglePizzaSalesData, GET_ROW_BY_PERSIAN_DATE(BN,CN,DN,Table_SalesData_SinglePizza),\namericanPizzaSalesData, GET_ROW_BY_PERSIAN_DATE(BN,CN,DN,Table_SalesData_AmericanPizza),\nitalianPizzaSalesData, GET_ROW_BY_PERSIAN_DATE(BN,CN,DN,Table_SalesData_ItalianPizza),\nsinTotal, getTotalFoodsIngredient(sinFoodIds,ingredientId,singlePizzaSalesData,"Table_Ingredients_SinglePizza",Refresher),\namTotal, getTotalFoodsIngredient(amFoodIds,ingredientId,americanPizzaSalesData,"Table_Ingredients_AmericanPizza",Refresher),\nitTotal, getTotalFoodsIngredient(itFoodIds,ingredientId,italianPizzaSalesData,"Table_Ingredients_ItalianPizza",Refresher),\ntotalGr, SUM(amTotal,itTotal,sinTotal),\nCONVERT_GR_TO_KG(totalGr))	1	4.52	
پیتزا	K15		LET(\namFoodIds, {766, 767, 1},\nitFoodIds, {768, 771},\nsinFoodIds, {784, 782},\nsinglePizzaSalesData, GET_ROW_BY_PERSIAN_DATE(BN,CN,DN,Table_SalesData_SinglePizza),\namericanPizzaSalesData, GET_ROW_BY_PERSIAN_DATE(BN,CN,DN,Table_SalesData_AmericanPizza),\nitalianPizzaSalesData, GET_ROW_BY_PERSIAN_DATE(BN,CN,DN,Table_SalesData_ItalianPizza),\nsinTotal, getTotalFoodsCountsInRowById(sinFoodIds,singlePizzaSalesData,Refresher),\namTotal, getTotalFoodsCountsInRowById(amFoodIds,americanPizzaSalesData,Refresher),\nitTotal, getTotalFoodsCountsInRowById(itFoodIds,italianPizzaSalesData,Refresher),\nSUM(amTotal,itTotal,sinTotal)\n)	1	55	
فرنگی	B4		'تاریخ'!CN	1	29	
فرنگی	C4		'تاریخ'!DN	1	مرداد	
فرنگی	D4		'تاریخ'!EN	1	1405	
فرنگی	E6		LET(\nfarangiData, GET_ROW_BY_PERSIAN_DATE(BN,CN,DN,Table_Farangi_First),\ngetIngredientValueById(14,farangiData,Refresher)\n)	1	0	
فرنگی	F6		LET(\nfarangiData, GET_ROW_BY_PERSIAN_DATE(BN,CN,DN,Table_Farangi_Request),\ngetIngredientValueById(14,farangiData,Refresher)\n)	1	40	
فرنگی	G6		LET(\nfarangiData, GET_ROW_BY_PERSIAN_DATE(BN,CN,DN,Table_Farangi_Last),\ngetIngredientValueById(14,farangiData,Refresher)\n)	1	0	
فرنگی	H6:H14	1	MINUS(SUM(FN,EN),GN)	9	40	
فرنگی	I6		LET(\ningredientId, 14,\nsanFoodIds, {131, 133, 132, 138, 134, 150, 773, 769},\nsandwichSalesData, GET_ROW_BY_PERSIAN_DATE(BN,CN,DN,Table_SalesData_Sandwich),\ngetTotalFoodsIngredient(sanFoodIds,ingredientId,sandwichSalesData,"Table_Ingredients_Sandwich",Refresher))	1	29	
فرنگی	J6:J14	2	MINUS(IN,HN)	9	-11	
فرنگی	K6		LET(\nsanFoodIds, {131, 133, 132, 138, 134, 150, 773, 769},\nsandwichSalesData, GET_ROW_BY_PERSIAN_DATE(BN,CN,DN,Table_SalesData_Sandwich),\ngetTotalFoodsCountsInRowById(sanFoodIds,sandwichSalesData,Refresher))	1	29	
فرنگی	L6:L11	3	JN	6	-11	
فرنگی	E7		LET(\nfarangiData, GET_ROW_BY_PERSIAN_DATE(BN,CN,DN,Table_Farangi_First),\ngetIngredientValueById(10,farangiData,Refresher)\n)	1	0	
فرنگی	F7		LET(\nfarangiData, GET_ROW_BY_PERSIAN_DATE(BN,CN,DN,Table_Farangi_Request),\ngetIngredientValueById(10,farangiData,Refresher)\n)	1	0	
فرنگی	G7		LET(\nfarangiData, GET_ROW_BY_PERSIAN_DATE(BN,CN,DN,Table_Farangi_Last),\ngetIngredientValueById(10,farangiData,Refresher)\n)	1	0	
فرنگی	I7		LET(\ningredientId, 10,\nitFoodIds, 61,\nitalianPizzaSalesData, GET_ROW_BY_PERSIAN_DATE(BN,CN,DN,Table_SalesData_ItalianPizza),\ngetTotalFoodsIngredient(itFoodIds,ingredientId,italianPizzaSalesData,"Table_Ingredients_ItalianPizza",Refresher)\n)	1	16	
فرنگی	K7		LET(\nitFoodIds, 61,\nitalianPizzaSalesData, GET_ROW_BY_PERSIAN_DATE(BN,CN,DN,Table_SalesData_ItalianPizza),\ngetTotalFoodsCountsInRowById(itFoodIds,italianPizzaSalesData,Refresher)\n)	1	16	
فرنگی	E8		LET(\nfarangiData, GET_ROW_BY_PERSIAN_DATE(BN,CN,DN,Table_Farangi_First),\ngetIngredientValueById(16,farangiData,Refresher)\n)	1	0	
فرنگی	F8		LET(\nfarangiData, GET_ROW_BY_PERSIAN_DATE(BN,CN,DN,Table_Farangi_Request),\ngetIngredientValueById(16,farangiData,Refresher)\n)	1	0	
فرنگی	G8		LET(\nfarangiData, GET_ROW_BY_PERSIAN_DATE(BN,CN,DN,Table_Farangi_Last),\ngetIngredientValueById(16,farangiData,Refresher)\n)	1	0	
فرنگی	I8		LET(\ningredientId, 16,\nsanFoodIds, 139,\nsandwichSalesData, GET_ROW_BY_PERSIAN_DATE(BN,CN,DN,Table_SalesData_Sandwich),\ngetTotalFoodsIngredient(sanFoodIds,ingredientId,sandwichSalesData,"Table_Ingredients_Sandwich",Refresher)\n)	1	5	
فرنگی	K8		LET(\nsanFoodIds, 139,\nsandwichSalesData, GET_ROW_BY_PERSIAN_DATE(BN,CN,DN,Table_SalesData_Sandwich),\ngetTotalFoodsCountsInRowById(sanFoodIds,sandwichSalesData,Refresher)\n)	1	5	
فرنگی	E9		LET(\nfarangiData, GET_ROW_BY_PERSIAN_DATE(BN,CN,DN,Table_Farangi_First),\ntotalGr ,getIngredientValueById(23,farangiData,Refresher),\nCONVERT_GR_TO_KG(totalGr)\n)	1	0	
فرنگی	F9		LET(\nfarangiData, GET_ROW_BY_PERSIAN_DATE(BN,CN,DN,Table_Farangi_Request),\ntotalGr, getIngredientValueById(23,farangiData,Refresher),\nCONVERT_GR_TO_KG(totalGr)\n)	1	0	
فرنگی	G9		LET(\nfarangiData, GET_ROW_BY_PERSIAN_DATE(BN,CN,DN,Table_Farangi_Last),\ntotalGr, getIngredientValueById(23,farangiData,Refresher),\nCONVERT_GR_TO_KG(totalGr)\n)	1	0	
فرنگی	I9		LET(\ningredientId, 23,\nstFoodIds, 4,\nstarterSalesData, GET_ROW_BY_PERSIAN_DATE(BN,CN,DN,Table_SalesData_Starter),\ntotalGr,getTotalFoodsIngredient(stFoodIds,ingredientId,starterSalesData,"Table_Ingredients_Starter",Refresher),\nCONVERT_GR_TO_KG(totalGr)\n)	1	#NUM!	#NUM!
فرنگی	K9		LET(\nstFoodIds, 4,\nstarterSalesData, GET_ROW_BY_PERSIAN_DATE(BN,CN,DN,Table_SalesData_Starter),\ngetTotalFoodsCountsInRowById(stFoodIds,starterSalesData,Refresher))	1	ID not found	
فرنگی	M9:M14	4	ROUND(DIVIDE(LN,KN),3)	6	#NUM!	#NUM!
فرنگی	E10		LET(\nfarangiData, GET_ROW_BY_PERSIAN_DATE(BN,CN,DN,Table_Farangi_First),\ntotalGr, getIngredientValueById(11,farangiData,Refresher),\nCONVERT_GR_TO_KG(totalGr)\n)	1	0	
فرنگی	F10		LET(\nfarangiData, GET_ROW_BY_PERSIAN_DATE(BN,CN,DN,Table_Farangi_Request),\ntotalGr, getIngredientValueById(11,farangiData,Refresher),\nCONVERT_GR_TO_KG(totalGr)\n)	1	0	
فرنگی	G10		LET(\nfarangiData, GET_ROW_BY_PERSIAN_DATE(BN,CN,DN,Table_Farangi_Last),\ntotalGr, getIngredientValueById(11,farangiData,Refresher),\nCONVERT_GR_TO_KG(totalGr)\n)	1	0	
فرنگی	I10		LET(\ningredientId, 11,\nfraFoodIds, 86,\nsanFoodIds, 136,\nfrangiSalesData, GET_ROW_BY_PERSIAN_DATE(BN,CN,DN,Table_SalesData_Farangi),\nsandwichSalesData, GET_ROW_BY_PERSIAN_DATE(BN,CN,DN,Table_SalesData_Sandwich),\nfraTotal, getTotalFoodsIngredient(fraFoodIds,ingredientId,frangiSalesData,"Table_Ingredients_Farangi",Refresher),\nsanTotal, getTotalFoodsIngredient(sanFoodIds,ingredientId,sandwichSalesData,"Table_Ingredients_Sandwich",Refresher),\ntotalGr, SUM(fraTotal, sanTotal),\nCONVERT_GR_TO_KG(totalGr)\n)	1	0.3	
فرنگی	K10		LET(\nfraFoodIds, 86,\nsanFoodIds, 136,\nfrangiSalesData, GET_ROW_BY_PERSIAN_DATE(BN,CN,DN,Table_SalesData_Farangi),\nsandwichSalesData, GET_ROW_BY_PERSIAN_DATE(BN,CN,DN,Table_SalesData_Sandwich),\nfraTotal, getTotalFoodsCountsInRowById(fraFoodIds,frangiSalesData,Refresher),\nsanTotal, getTotalFoodsCountsInRowById(sanFoodIds,sandwichSalesData,Refresher),\nSUM(fraTotal, sanTotal)\n)	1	5	
فرنگی	E11		LET(\nfarangiData, GET_ROW_BY_PERSIAN_DATE(BN,CN,DN,Table_Farangi_First),\ntotalGr, getIngredientValueById(13,farangiData,Refresher),\nCONVERT_GR_TO_KG(totalGr)\n)	1	0	
فرنگی	F11		LET(\nfarangiData, GET_ROW_BY_PERSIAN_DATE(BN,CN,DN,Table_Farangi_Request),\ntotalGr, getIngredientValueById(13,farangiData,Refresher),\nCONVERT_GR_TO_KG(totalGr)\n)	1	0.0004	
فرنگی	G11		LET(\nfarangiData, GET_ROW_BY_PERSIAN_DATE(BN,CN,DN,Table_Farangi_Last),\ntotalGr, getIngredientValueById(13,farangiData,Refresher),\nCONVERT_GR_TO_KG(totalGr)\n)	1	0	
فرنگی	I11		LET(\ningredientId, 13,\nsaFoodIds, {401, 402, 407},\npaFoodIds, {601, 82},\nsaladSalesData, GET_ROW_BY_PERSIAN_DATE(BN,CN,DN,Table_SalesData_Salad),\npastaSalesData, GET_ROW_BY_PERSIAN_DATE(BN,CN,DN,Table_SalesData_Pasta),\nsaTotal, getTotalFoodsIngredient(saFoodIds,ingredientId,saladSalesData,"Table_Ingredients_Salad",Refresher),\npaTotal, getTotalFoodsIngredient(paFoodIds,ingredientId,pastaSalesData,"Table_Ingredients_Pasta",Refresher),\ntotalGr, SUM(saTotal, paTotal),\nCONVERT_GR_TO_KG(totalGr)\n)	1	0.078	
فرنگی	K11		LET(\nsaFoodIds, {401, 402, 407},\npaFoodIds, {601, 82},\nsaladSalesData, GET_ROW_BY_PERSIAN_DATE(BN,CN,DN,Table_SalesData_Salad),\npastaSalesData, GET_ROW_BY_PERSIAN_DATE(BN,CN,DN,Table_SalesData_Pasta),\nsaTotal, getTotalFoodsCountsInRowById(saFoodIds,saladSalesData,Refresher),\npaTotal, getTotalFoodsCountsInRowById(paFoodIds,pastaSalesData,Refresher),\nSUM(saTotal, paTotal)\n)	1	13	
فرنگی	E12		LET(\nfarangiData, GET_ROW_BY_PERSIAN_DATE(BN,CN,DN,Table_Farangi_First),\ntotalGr, getIngredientValueById(12,farangiData,Refresher),\nCONVERT_GR_TO_KG(totalGr)\n)	1	0	
فرنگی	F12		LET(\nfarangiData, GET_ROW_BY_PERSIAN_DATE(BN,CN,DN,Table_Farangi_Request),\ntotalGr ,getIngredientValueById(12,farangiData,Refresher),\nCONVERT_GR_TO_KG(totalGr)\n)	1	0.01599	
فرنگی	G12		LET(\nfarangiData, GET_ROW_BY_PERSIAN_DATE(BN,CN,DN,Table_Farangi_Last),\ntotalGr, getIngredientValueById(12,farangiData,Refresher),\nCONVERT_GR_TO_KG(totalGr)\n)	1	0	
فرنگی	I12		LET(\ningredientId, 12,\nsaFoodIds, 401,\npaFoodIds, {601, 82},\nfraFoodIds, 303,\nsanFoodIds, 137,\nsteakFoodIds, 81,\nsaladSalesData, GET_ROW_BY_PERSIAN_DATE(BN,CN,DN,Table_SalesData_Salad),\npastaSalesData, GET_ROW_BY_PERSIAN_DATE(BN,CN,DN,Table_SalesData_Pasta),\nfarangiSalesData, GET_ROW_BY_PERSIAN_DATE(BN,CN,DN,Table_SalesData_Farangi),\nsandwichSalesData, GET_ROW_BY_PERSIAN_DATE(BN,CN,DN,Table_SalesData_Sandwich),\nsteakSalesData, GET_ROW_BY_PERSIAN_DATE(BN,CN,DN,Table_SalesData_Steak),\nsaTotal, getTotalFoodsIngredient(saFoodIds,ingredientId,saladSalesData,"Table_Ingredients_Salad",Refresher),\npaTotal, getTotalFoodsIngredient(paFoodIds,ingredientId,pastaSalesData,"Table_Ingredients_Pasta",Refresher),\nfraTotal, getTotalFoodsIngredient(fraFoodIds,ingredientId,farangiSalesData,"Table_Ingredients_Farangi",Refresher),\nsanTotal, getTotalFoodsIngredient(sanFoodIds,ingredientId,sandwichSalesData,"Table_Ingredients_Sandwich",Refresher),\nsteakTotal, getTotalFoodsIngredient(steakFoodIds,ingredientId,steakSalesData,"Table_Ingredients_Steak",Refresher),\ntotalGr, SUM(saTotal, paTotal, fraTotal, sanTotal, steakTotal),\nCONVERT_GR_TO_KG(totalGr)\n)	1	2.14	
فرنگی	K12		LET(\nsaFoodIds, 401,\npaFoodIds, {601, 82},\nfraFoodIds, 303,\nsanFoodIds, 137,\nsteakFoodIds, 81,\nsaladSalesData, GET_ROW_BY_PERSIAN_DATE(BN,CN,DN,Table_SalesData_Salad),\npastaSalesData, GET_ROW_BY_PERSIAN_DATE(BN,CN,DN,Table_SalesData_Pasta),\nfarangiSalesData, GET_ROW_BY_PERSIAN_DATE(BN,CN,DN,Table_SalesData_Farangi),\nsandwichSalesData, GET_ROW_BY_PERSIAN_DATE(BN,CN,DN,Table_SalesData_Sandwich),\nsteakSalesData, GET_ROW_BY_PERSIAN_DATE(BN,CN,DN,Table_SalesData_Steak),\nsaTotal, getTotalFoodsCountsInRowById(saFoodIds,saladSalesData,Refresher),\npaTotal, getTotalFoodsCountsInRowById(paFoodIds,pastaSalesData,Refresher),\nfraTotal, getTotalFoodsCountsInRowById(fraFoodIds,farangiSalesData,Refresher),\nsanTotal, getTotalFoodsCountsInRowById(sanFoodIds,sandwichSalesData,Refresher),\nsteakTotal, getTotalFoodsCountsInRowById(steakFoodIds,steakSalesData,Refresher),\nSUM(saTotal, paTotal, fraTotal, sanTotal, steakTotal)\n)	1	9	
فرنگی	L12		LET(\ntolerancePerKilogramGr, 100,\nteloranc, MULTIPLY(tolerancePerKilogramGr,IN),\ntelorancKg, CONVERT_GR_TO_KG(teloranc),\nMINUS(JN , telorancKg)\n)	1	1.91001	
فرنگی	E13		LET(\nfarangiData, GET_ROW_BY_PERSIAN_DATE(BN,CN,DN,Table_Farangi_First),\ntotalGr, getIngredientValueById(22,farangiData,Refresher),\nCONVERT_GR_TO_KG(totalGr)\n)	1	0	
فرنگی	F13		LET(\nfarangiData, GET_ROW_BY_PERSIAN_DATE(BN,CN,DN,Table_Farangi_Request),\ntotalGr ,getIngredientValueById(22,farangiData,Refresher),\nCONVERT_GR_TO_KG(totalGr)\n)	1	0.0005	
فرنگی	G13		LET(\nfarangiData, GET_ROW_BY_PERSIAN_DATE(BN,CN,DN,Table_Farangi_Last),\ntotalGr, getIngredientValueById(22,farangiData,Refresher),\nCONVERT_GR_TO_KG(totalGr)\n)	1	0	
فرنگی	I13		LET(\ningredientId, 22,\nstFoodIds, 4,\nstarterSalesData, GET_ROW_BY_PERSIAN_DATE(BN,CN,DN,Table_SalesData_Starter),\ntotalGr, getTotalFoodsIngredient(stFoodIds,ingredientId,starterSalesData,"Table_Ingredients_Starter",Refresher),\nCONVERT_GR_TO_KG(totalGr)\n)	1	#NUM!	#NUM!
فرنگی	K13		LET(\nstFoodIds, 4,\nstarterSalesData, GET_ROW_BY_PERSIAN_DATE(BN,CN,DN,Table_SalesData_Starter),\ngetTotalFoodsCountsInRowById(stFoodIds,starterSalesData,Refresher))	1	ID not found	
فرنگی	L13:L14	5	JN	2	#NUM!	#NUM!
فرنگی	E14		LET(\nfarangiData, GET_ROW_BY_PERSIAN_DATE(BN,CN,DN,Table_Farangi_First),\ntotalGr, getIngredientValueById(15,farangiData,Refresher),\nCONVERT_GR_TO_KG(totalGr)\n)	1	0	
فرنگی	F14		LET(\nfarangiData, GET_ROW_BY_PERSIAN_DATE(BN,CN,DN,Table_Farangi_Request),\ntotalGr, getIngredientValueById(15,farangiData,Refresher),\nCONVERT_GR_TO_KG(totalGr)\n\n)	1	0.000495	
فرنگی	G14		LET(\nfarangiData, GET_ROW_BY_PERSIAN_DATE(BN,CN,DN,Table_Farangi_Last),\ntotalGr, getIngredientValueById(15,farangiData,Refresher),\nCONVERT_GR_TO_KG(totalGr)\n\n)	1	0	
فرنگی	I14		LET(\ningredientId, 15,\nsanFoodIds, {131, 133, 134, 151, 44, 773, 769},\nsandwichSalesData, GET_ROW_BY_PERSIAN_DATE(BN,CN,DN,Table_SalesData_Sandwich),\ntotalGr, getTotalFoodsIngredient(sanFoodIds,ingredientId,sandwichSalesData,"Table_Ingredients_Sandwich",Refresher),\nCONVERT_GR_TO_KG(totalGr)\n)	1	0.022	
فرنگی	K14		LET(\nsanFoodIds, {131, 133, 134, 151, 44, 773, 769},\nsandwichSalesData, GET_ROW_BY_PERSIAN_DATE(BN,CN,DN,Table_SalesData_Sandwich),\ngetTotalFoodsCountsInRowById(sanFoodIds,sandwichSalesData,Refresher)\n)	1	22	
سوخاری	B4		'تاریخ'!CN	1	29	
سوخاری	C4		'تاریخ'!DN	1	مرداد	
سوخاری	D4		'تاریخ'!EN	1	1405	
سوخاری	E6		LET(\nfriedData, GET_ROW_BY_PERSIAN_DATE(BN,CN,DN,Table_Fried_First),\ngetIngredientValueById(21,friedData,Refresher)\n)	1	9	
سوخاری	F6		LET(\nfriedData, GET_ROW_BY_PERSIAN_DATE(BN,CN,DN,Table_Fried_Request),\ngetIngredientValueById(21,friedData,Refresher)\n)	1	36	
سوخاری	G6		LET(\nfriedData, GET_ROW_BY_PERSIAN_DATE(BN,CN,DN,Table_Fried_Last),\ngetIngredientValueById(21,friedData,Refresher)\n)	1	22	
سوخاری	H6:H11	1	MINUS(SUM(FN,EN),GN)	6	23	
سوخاری	I6		LET(\ningredientId, 21,\nsaFoodIds, {402, 407},\nsaladSalesData, GET_ROW_BY_PERSIAN_DATE(BN,CN,DN,Table_SalesData_Salad),\ngetTotalFoodsIngredient(saFoodIds,ingredientId,saladSalesData,"Table_Ingredients_Salad",Refresher)\n)	1	11	
سوخاری	J6:J11	2	MINUS(IN,HN)	6	-12	
سوخاری	E7		LET(\nfriedData, GET_ROW_BY_PERSIAN_DATE(BN,CN,DN,Table_Fried_First),\ngetIngredientValueById(19,friedData,Refresher)\n)	1		
سوخاری	F7		LET(\nfriedData, GET_ROW_BY_PERSIAN_DATE(BN,CN,DN,Table_Fried_Request),\ngetIngredientValueById(19,friedData,Refresher)\n)	1	0	
سوخاری	G7		LET(\nfriedData, GET_ROW_BY_PERSIAN_DATE(BN,CN,DN,Table_Fried_Last),\ngetIngredientValueById(19,friedData,Refresher)\n)	1		
سوخاری	I7		LET(\ningredientId, 19,\nfrFoodIds, 123,\nsanFoodIds, {44, 150},\nfriedSalesData, GET_ROW_BY_PERSIAN_DATE(BN,CN,DN,Table_SalesData_Fried),\nsandwichSalesData, GET_ROW_BY_PERSIAN_DATE(BN,CN,DN,Table_SalesData_Sandwich),\nfrTotal, getTotalFoodsIngredient(frFoodIds,ingredientId,friedSalesData,"Table_Ingredients_Fried",Refresher),\nsanTotal, getTotalFoodsIngredient(sanFoodIds,ingredientId,sandwichSalesData,"Table_Ingredients_Sandwich",Refresher),\nSUM(frTotal,sanTotal)\n)	1	6	
سوخاری	E8		LET(\nfriedData, GET_ROW_BY_PERSIAN_DATE(BN,CN,DN,Table_Fried_First),\ngetIngredientValueById(17,friedData,Refresher)\n)	1	49	
سوخاری	F8		LET(\nfriedData, GET_ROW_BY_PERSIAN_DATE(BN,CN,DN,Table_Fried_Request),\ngetIngredientValueById(17,friedData,Refresher)\n)	1	76	
سوخاری	G8		LET(\nfriedData, GET_ROW_BY_PERSIAN_DATE(BN,CN,DN,Table_Fried_Last),\ngetIngredientValueById(17,friedData,Refresher)\n)	1	34	
سوخاری	I8		LET(\ningredientId, 17,\nfrFoodIds, {120, 385},\nsanFoodIds, 131,\nfriedSalesData, GET_ROW_BY_PERSIAN_DATE(BN,CN,DN,Table_SalesData_Fried),\nsandwichSalesData, GET_ROW_BY_PERSIAN_DATE(BN,CN,DN,Table_SalesData_Sandwich),\nfrTotal, getTotalFoodsIngredient(frFoodIds,ingredientId,friedSalesData,"Table_Ingredients_Fried",Refresher),\nsanTotal, getTotalFoodsIngredient(sanFoodIds,ingredientId,sandwichSalesData,"Table_Ingredients_Sandwich",Refresher),\nSUM(frTotal,sanTotal)\n)	1	61	
سوخاری	E9		LET(\nfriedData, GET_ROW_BY_PERSIAN_DATE(BN,CN,DN,Table_Fried_First),\ngetIngredientValueById(18,friedData,Refresher)\n)	1	29	
سوخاری	F9		LET(\nfriedData, GET_ROW_BY_PERSIAN_DATE(BN,CN,DN,Table_Fried_Request),\ngetIngredientValueById(18,friedData,Refresher)\n)	1	20	
سوخاری	G9		LET(\nfriedData, GET_ROW_BY_PERSIAN_DATE(BN,CN,DN,Table_Fried_Last),\ngetIngredientValueById(18,friedData,Refresher)\n)	1	21	
سوخاری	I9		LET(\ningredientId, 18,\nfrFoodIds, {386, 350},\nsanFoodIds, 151,\nfriedSalesData, GET_ROW_BY_PERSIAN_DATE(BN,CN,DN,Table_SalesData_Fried),\nsandwichSalesData, GET_ROW_BY_PERSIAN_DATE(BN,CN,DN,Table_SalesData_Sandwich),\nfrTotal, getTotalFoodsIngredient(frFoodIds,ingredientId,friedSalesData,"Table_Ingredients_Fried",Refresher),\nsanTotal, getTotalFoodsIngredient(sanFoodIds,ingredientId,sandwichSalesData,"Table_Ingredients_Sandwich",Refresher),\nSUM(frTotal,sanTotal)\n)	1	28	
سوخاری	E10		LET(\nfriedData, GET_ROW_BY_PERSIAN_DATE(BN,CN,DN,Table_Fried_First),\ngetIngredientValueById(20,friedData,Refresher)\n)	1		
سوخاری	F10		LET(\nfriedData, GET_ROW_BY_PERSIAN_DATE(BN,CN,DN,Table_Fried_Request),\ngetIngredientValueById(20,friedData,Refresher)\n)	1	0	
سوخاری	G10		LET(\nfriedData, GET_ROW_BY_PERSIAN_DATE(BN,CN,DN,Table_Fried_Last),\ngetIngredientValueById(20,friedData,Refresher)\n)	1		
سوخاری	I10		LET(\ningredientId, 20,\nfrFoodIds, 122,\nfriedSalesData, GET_ROW_BY_PERSIAN_DATE(BN,CN,DN,Table_SalesData_Fried),\ngetTotalFoodsIngredient(frFoodIds,ingredientId,friedSalesData,"Table_Ingredients_Fried",Refresher)\n)	1	0	
سوخاری	E11		LET(\nfriedData, GET_ROW_BY_PERSIAN_DATE(BN,CN,DN,Table_Fried_First),\ngetIngredientValueById(24,friedData,Refresher)\n)	1	297	
سوخاری	F11		LET(\nfriedData, GET_ROW_BY_PERSIAN_DATE(BN,CN,DN,Table_Fried_Request),\ngetIngredientValueById(24,friedData,Refresher)\n)	1	800	
سوخاری	G11		LET(\nfriedData, GET_ROW_BY_PERSIAN_DATE(BN,CN,DN,Table_Fried_Last),\ngetIngredientValueById(24,friedData,Refresher)\n)	1	580	
سوخاری	I11		LET(\ningredientId, 24,\nstFoodIds, 7,\nstarterSalesData, GET_ROW_BY_PERSIAN_DATE(BN,CN,DN,Table_SalesData_Starter),\ngetTotalFoodsIngredient(stFoodIds,ingredientId,starterSalesData,"Table_Ingredients_Starter",Refresher)\n)	1	450	
کانتر	B4		'تاریخ'!CN	1	29	
کانتر	C4		'تاریخ'!DN	1	مرداد	
کانتر	D4		'تاریخ'!EN	1	1405	
کانتر	E6		LET(\ncounterData, GET_ROW_BY_PERSIAN_DATE(BN,CN,DN,Table_KitchenCounter_First),\nSUM(\ngetIngredientValueById(101,counterData,Refresher),\ngetIngredientValueById(102,counterData,Refresher),\ngetIngredientValueById(104,counterData,Refresher),\ngetIngredientValueById(108,counterData,Refresher)\n))	1	0	
کانتر	F6		LET(\ncounterData, GET_ROW_BY_PERSIAN_DATE(BN,CN,DN,Table_KitchenCounter_Request),\nSUM(\ngetIngredientValueById(101,counterData,Refresher),\ngetIngredientValueById(102,counterData,Refresher),\ngetIngredientValueById(104,counterData,Refresher),\ngetIngredientValueById(108,counterData,Refresher)\n))	1	48	
کانتر	G6		LET(\ncounterData, GET_ROW_BY_PERSIAN_DATE(BN,CN,DN,Table_KitchenCounter_Last),\nSUM(\ngetIngredientValueById(101,counterData,Refresher),\ngetIngredientValueById(102,counterData,Refresher),\ngetIngredientValueById(104,counterData,Refresher),\ngetIngredientValueById(108,counterData,Refresher)\n))	1	119	
کانتر	H6:H10	1	MINUS(SUM(FN,EN),GN)	5	-71	
کانتر	I6		LET(\nstarterSalesData, GET_ROW_BY_PERSIAN_DATE(BN,CN,DN,Table_SalesData_Starter),\nSUM(\ngetFoodValueById(101,starterSalesData,Refresher),\ngetFoodValueById(102,starterSalesData,Refresher),\ngetFoodValueById(104,starterSalesData,Refresher),\ngetFoodValueById(108,starterSalesData,Refresher),\n))	1	121	
کانتر	J6:J10	2	MINUS(IN,HN)	5	192	
کانتر	E7		LET(\ncounterData, GET_ROW_BY_PERSIAN_DATE(BN,CN,DN,Table_KitchenCounter_First),\nSUM(\ngetIngredientValueById(277,counterData,Refresher),\ngetIngredientValueById(112,counterData,Refresher),\ngetIngredientValueById(358,counterData,Refresher),\ngetIngredientValueById(374,counterData,Refresher)\n))	1	0	
کانتر	F7		LET(\ncounterData, GET_ROW_BY_PERSIAN_DATE(BN,CN,DN,Table_KitchenCounter_Request),\nSUM(\ngetIngredientValueById(277,counterData,Refresher),\ngetIngredientValueById(112,counterData,Refresher),\ngetIngredientValueById(358,counterData,Refresher),\ngetIngredientValueById(374,counterData,Refresher)\n))	1	36	
کانتر	G7		LET(\ncounterData, GET_ROW_BY_PERSIAN_DATE(BN,CN,DN,Table_KitchenCounter_Last),\nSUM(\ngetIngredientValueById(277,counterData,Refresher),\ngetIngredientValueById(112,counterData,Refresher),\ngetIngredientValueById(358,counterData,Refresher),\ngetIngredientValueById(374,counterData,Refresher)\n))	1	65	
کانتر	I7		LET(\nstarterSalesData, GET_ROW_BY_PERSIAN_DATE(BN,CN,DN,Table_SalesData_Starter),\nSUM(\ngetFoodValueById(277,starterSalesData,Refresher),\ngetFoodValueById(112,starterSalesData,Refresher),\ngetFoodValueById(358,starterSalesData,Refresher),\ngetFoodValueById(374,starterSalesData,Refresher),\n))	1	50	
کانتر	E8		LET(\ncounterData, GET_ROW_BY_PERSIAN_DATE(BN,CN,DN,Table_KitchenCounter_First),\nSUM(\ngetIngredientValueById(110,counterData,Refresher),\ngetIngredientValueById(752,counterData,Refresher)\n))	1	0	
کانتر	F8		LET(\ncounterData, GET_ROW_BY_PERSIAN_DATE(BN,CN,DN,Table_KitchenCounter_Request),\nSUM(\ngetIngredientValueById(110,counterData,Refresher),\ngetIngredientValueById(752,counterData,Refresher)\n))	1	24	
کانتر	G8		LET(\ncounterData, GET_ROW_BY_PERSIAN_DATE(BN,CN,DN,Table_KitchenCounter_Last),\nSUM(\ngetIngredientValueById(110,counterData,Refresher),\ngetIngredientValueById(752,counterData,Refresher)\n))	1	29	
کانتر	I8		LET(\nstarterSalesData, GET_ROW_BY_PERSIAN_DATE(BN,CN,DN,Table_SalesData_Starter),\nSUM(\ngetFoodValueById(752,starterSalesData,Refresher),\ngetFoodValueById(110,starterSalesData,Refresher)\n))	1	12	
کانتر	E9		LET(\ncounterData, GET_ROW_BY_PERSIAN_DATE(BN,CN,DN,Table_KitchenCounter_First),\nSUM(\ngetIngredientValueById(368,counterData,Refresher),\ngetIngredientValueById(754,counterData,Refresher),\ngetIngredientValueById(757,counterData,Refresher)\n))	1	0	
کانتر	F9		LET(\ncounterData, GET_ROW_BY_PERSIAN_DATE(BN,CN,DN,Table_KitchenCounter_Request),\nSUM(\ngetIngredientValueById(368,counterData,Refresher),\ngetIngredientValueById(754,counterData,Refresher),\ngetIngredientValueById(757,counterData,Refresher)\n))	1	0	
کانتر	G9		LET(\ncounterData, GET_ROW_BY_PERSIAN_DATE(BN,CN,DN,Table_KitchenCounter_Last),\nSUM(\ngetIngredientValueById(368,counterData,Refresher),\ngetIngredientValueById(754,counterData,Refresher),\ngetIngredientValueById(757,counterData,Refresher)\n))	1	98	
کانتر	I9		LET(\nstarterSalesData, GET_ROW_BY_PERSIAN_DATE(BN,CN,DN,Table_SalesData_Starter),\nSUM(\ngetFoodValueById(368,starterSalesData,Refresher),\ngetFoodValueById(754,starterSalesData,Refresher),\ngetFoodValueById(757,starterSalesData,Refresher)\n))	1	11	
کانتر	E10		LET(\ncounterData, GET_ROW_BY_PERSIAN_DATE(BN,CN,DN,Table_KitchenCounter_First),\ngetIngredientValueById(273,counterData,Refresher)\n)	1	0	
کانتر	F10		LET(\ncounterData, GET_ROW_BY_PERSIAN_DATE(BN,CN,DN,Table_KitchenCounter_Request),\ngetIngredientValueById(273,counterData,Refresher)\n)	1	0	
کانتر	G10		LET(\ncounterData, GET_ROW_BY_PERSIAN_DATE(BN,CN,DN,Table_KitchenCounter_Last),\ngetIngredientValueById(273,counterData,Refresher)\n)	1	32	
کانتر	I10		LET(\nstarterSalesData, GET_ROW_BY_PERSIAN_DATE(BN,CN,DN,Table_SalesData_Starter),\ngetFoodValueById(273,starterSalesData,Refresher)\n)	1	22	
Table_Farangi_First	A1		LET(\nsheetName, "موجودی اول شب",\ndataRange,"A:S",\nIMPORT_FROM_SHEET(SheetsFileId_Farangi,sheetName,dataRange)\n)	1	روز	
Table_SalesData_AmericanPizza	A1		LET(\nsheetName, "americanPizza",\ndataRange,"A:M",\nIMPORT_FROM_SHEET(SheetsFileId_SalesData,sheetName,dataRange)\n)	1	تاریخ	
Table_SalesData_SinglePizza	A1		LET(\nsheetName, "singlePizza",\ndataRange,"A:X",\nIMPORT_FROM_SHEET(SheetsFileId_SalesData,sheetName,dataRange)\n)	1	تاریخ	
Table_SalesData_ItalianPizza	A1		LET(\nsheetName, "italianPizza",\ndataRange,"A:X",\nIMPORT_FROM_SHEET(SheetsFileId_SalesData,sheetName,dataRange)\n)	1	تاریخ	
Table_SalesData_Pasta	A1		LET(\nsheetName, "pasta",\ndataRange,"A:E",\nIMPORT_FROM_SHEET(SheetsFileId_SalesData,sheetName,dataRange)\n)	1	تاریخ	
Table_SalesData_Starter	A1		LET(\nsheetName, "starter",\ndataRange,"A:T",\nIMPORT_FROM_SHEET(SheetsFileId_SalesData,sheetName,dataRange)\n)	1	تاریخ	
Table_SalesData_Personel	A1		LET(\nsheetName, "personel",\ndataRange,"A:B",\nIMPORT_FROM_SHEET(SheetsFileId_SalesData,sheetName,dataRange)\n)	1	تاریخ	
Table_SalesData_Salad	A1		LET(\nsheetName, "salad",\ndataRange,"A:D",\nIMPORT_FROM_SHEET(SheetsFileId_SalesData,sheetName,dataRange)\n)	1	تاریخ	
Table_SalesData_Fried	A1		LET(\nsheetName, "fried",\ndataRange,"A:H",\nIMPORT_FROM_SHEET(SheetsFileId_SalesData,sheetName,dataRange)\n)	1	تاریخ	
Table_SalesData_Sandwich	A1		LET(\nsheetName, "sandwich",\ndataRange,"A:X",\nIMPORT_FROM_SHEET(SheetsFileId_SalesData,sheetName,dataRange)\n)	1	تاریخ	
Table_Ingredients_ItalianPizza	A1		LET(\nsheetName, "پیتزا ایتالیایی",\ndataRange,"A:X",\nIMPORT_FROM_SHEET(SheetsFileId_Ingredients,sheetName,dataRange)\n)	1	نام	
Table_Ingredients_Lasagna	A1		LET(\nsheetName, "لازانیا",\ndataRange,"A:K",\nIMPORT_FROM_SHEET(SheetsFileId_Ingredients,sheetName,dataRange)\n)	1	نام	
Table_Ingredients_AmericanPizza	A1		LET(\nsheetName, "پیتزا امریکایی",\ndataRange,"A:X",\nIMPORT_FROM_SHEET(SheetsFileId_Ingredients,sheetName,dataRange)\n)	1	نام	
Table_Ingredients_SinglePizza	A1		LET(\nsheetName, "پیتزا سینگل",\ndataRange,"A:X",\nIMPORT_FROM_SHEET(SheetsFileId_Ingredients,sheetName,dataRange)\n)	1	نام	
Table_Ingredients_Farangi	A1		LET(\nsheetName, "فرنگی",\ndataRange,"A:D",\nIMPORT_FROM_SHEET(SheetsFileId_Ingredients,sheetName,dataRange)\n)	1	نام	
Table_SalesData_Farangi	A1		LET(\nsheetName, "farangi",\ndataRange,"A:C",\nIMPORT_FROM_SHEET(SheetsFileId_SalesData,sheetName,dataRange)\n)	1	تاریخ	
Table_SalesData_Steak	A1		LET(\nsheetName, "steak",\ndataRange,"A:C",\nIMPORT_FROM_SHEET(SheetsFileId_SalesData,sheetName,dataRange)\n)	1	تاریخ	
Table_Ingredients_Pasta	A1		LET(\nsheetName, "پاستا",\ndataRange,"A:N",\nIMPORT_FROM_SHEET(SheetsFileId_Ingredients,sheetName,dataRange)\n)	1	نام	
Table_Ingredients_Sandwich	A1		LET(\nsheetName, "ساندویچ",\ndataRange,"A:X",\nIMPORT_FROM_SHEET(SheetsFileId_Ingredients,sheetName,dataRange)\n)	1	نام	
Table_Ingredients_Fried	A1		LET(\nsheetName, "سوخاری",\ndataRange,"A:E",\nIMPORT_FROM_SHEET(SheetsFileId_Ingredients,sheetName,dataRange)\n)	1	نام	
Table_Ingredients_Salad	A1		LET(\nsheetName, "سالاد",\ndataRange,"A:K",\nIMPORT_FROM_SHEET(SheetsFileId_Ingredients,sheetName,dataRange)\n)	1	نام	
Table_Ingredients_Starter	A1		LET(\nsheetName, "استارتر",\ndataRange,"A:E",\nIMPORT_FROM_SHEET(SheetsFileId_Ingredients,sheetName,dataRange)\n)	1	نام	
Table_Ingredients_Steak	A1		LET(\nsheetName, "استیک",\ndataRange,"A:B",\nIMPORT_FROM_SHEET(SheetsFileId_Ingredients,sheetName,dataRange)\n)	1	نام	
Table_Ingredients_Personel	A1		LET(\nsheetName, "پرسنلی",\ndataRange,"A:D",\nIMPORT_FROM_SHEET(SheetsFileId_Ingredients,sheetName,dataRange)\n)	1	نام	
Table_Fried_First	A1		LET(\nsheetName, "موجودی اول شب",\ndataRange,"A:S",\nIMPORT_FROM_SHEET(SheetsFileId_Fried,sheetName,dataRange)\n)	1	روز	
Table_Fried_Request	A1		LET(\nsheetName, "سوخاری",\ndataRange,"A:S",\nIMPORT_FROM_SHEET(SheetsFileId_Warehouse,sheetName,dataRange)\n)	1	روز	
Table_KitchenCounter_First	A1		LET(\nsheetName,"موجودی اول شب",\ndataRange,"A:S",\nIMPORT_FROM_SHEET(SheetsFileId_KitchenCounter,sheetName,dataRange)\n)	1	Column 40	
Table_KitchenCounter_Request	A1		LET(\nsheetName, "کانتر",\ndataRange,"A:S",\nIMPORT_FROM_SHEET(SheetsFileId_Warehouse,sheetName,dataRange)\n)	1	روز	
Table_KitchenCounter_Last	A1		LET(\nsheetName, "موجودی آخر شب",\ndataRange,"A:S",\nIMPORT_FROM_SHEET(SheetsFileId_KitchenCounter,sheetName,dataRange)\n)	1	روز	
Table_Fried_Last	A1		LET(\nsheetName, "موجودی آخر شب",\ndataRange,"A:S",\nIMPORT_FROM_SHEET(SheetsFileId_Fried,sheetName,dataRange)\n)	1	روز	
Table_Pizza_First	A1		LET(\nsheetName, "موجودی اول شب",\ndataRange,"A:S",\nIMPORT_FROM_SHEET(SheetsFileId_Pizza,sheetName,dataRange)\n)	1	روز	
Table_Pizza_Request	A1		LET(\nsheetName, "پیتزا",\ndataRange,"A:S",\nIMPORT_FROM_SHEET(SheetsFileId_Warehouse,sheetName,dataRange)\n)	1	روز	
Table_Pizza_Last	A1		LET(\nsheetName, "موجودی آخر شب",\ndataRange,"A:S",\nIMPORT_FROM_SHEET(SheetsFileId_Pizza,sheetName,dataRange)\n)	1	روز	
Table_Farangi_Request	A1		LET(\nsheetName, "فرنگی",\ndataRange,"A:S",\nIMPORT_FROM_SHEET(SheetsFileId_Warehouse,sheetName,dataRange)\n)	1	Column 1	
Table_Farangi_Last	A1		LET(\nsheetName, "موجودی آخر شب",\ndataRange,"A:S",\nIMPORT_FROM_SHEET(SheetsFileId_Farangi,sheetName,dataRange)\n)	1	روز	
