sheet	cell	author	text
خروجی انبار به آماده سازی	G442	unknown	شنیسل 50.900Kg\nکنار شنیسل 11.100Kg
خروجی انبار به آماده سازی	L444	unknown	تولید
خروجی انبار به آماده سازی	M418	unknown	مجموع 36.1kg  راسته گوساله \nخرده راسته داده شده 18.53kg
خروجی انبار به آماده سازی	F405	unknown	به گفته آقای موحدی اضافه خرده راسته به مایه برگر اضافه شد
خروجی انبار به آماده سازی	M444	unknown	از 21Kg راسته پاک نشده\n8.275Kg استیک رولی\n3.595Kg فیلادلفیا\n8.050Kg خرده راسته\nداده است
خروجی انبار به آماده سازی	J415	unknown	0.175kg خرده استیک اضافه شد
خروجی انبار به آماده سازی	F455	unknown	0.870Kg خون آبه داشت
خروجی انبار به آماده سازی	J394	unknown	1.380 kg از خرده استیک
خروجی انبار به آماده سازی	M453	unknown	دراین تاریخ راسته گرم آمد.
خروجی انبار به آماده سازی	M430	unknown	48.200 Kg راسته پاک نشده آمد که تبدیل به فیلادلفیا و استیک رولی و خورده راسته شد
خروجی انبار به آماده سازی	G396	unknown	0.450 kg شنیسل به علت سفت بودن در یخچال آماده سازی نگهداری شد بعد از 2 روز تایین تکلیف گردید و به مرغ پیتزا مرینت شده همان روز (11 تیر) تبدیل گردید. \nوزن درست تحویل داده شده 60.4 kg بوده
خروجی انبار به آماده سازی	M423	unknown	مقدار 42 kg راسته گوساله پاک نشده بوده که فیلادلفیا و استیک رولی و خرده راسته داده ولی بعلت نبودن سلول راسته به تفکیک در هر بخش نوشته شد
خروجی انبار به آماده سازی	M438	unknown	مقدار 20.600Kg راسته گوساله به فیلادلفیا و استیک رولی  و خرده راسته تبدیل شد.
خروجی انبار به آماده سازی	F450	unknown	755g تبدیل به خون آبه شده
خروجی انبار به آماده سازی	K454	unknown	0.945Kg از گلدست منجمد بود(تستی)
خروجی انبار به آماده سازی	J431	unknown	0.280 g خرده استک اضافه شد
خروجی انبار به آماده سازی	J425	unknown	0.255g خرده استیک بود
خروجی انبار به آماده سازی	F443	unknown	110g تبدیل به خون آبه شد
خروجی انبار به آماده سازی	F422	unknown	به گفته خانم ثقفیان 0.64g خون آبه شد
خروجی انبار به آماده سازی	L452	unknown	29.200Kg راسته گوساله بوده که تبدیل به:\nالف: 10.400Kg استیک رولی\nب: 5.415Kg فیلادلفیا\nج: 11.200Kg خرده راسته\nد: 1.770Kg ضایعات راسته
خروجی انبار به آماده سازی	K455	unknown	3.900Kg مغزران منجمد جهت تست
خروجی انبار به آماده سازی	F439	unknown	0.335g خون آبه شده
خروجی انبار به آماده سازی	K396	unknown	5 کیلو مغز ران گوساله  به درخواست آقای موحدی جهت تست رست
ورودی انبار از آماده سازی	C404	unknown	5 عدد جهت تست آماده سازی به آنها تحویل داده شد.(با اضافه کردن مواد به 6 عدد تغییر پیدا کرده که در آماده سازی موجود است.
ورودی انبار از آماده سازی	R433	unknown	از 48.200 Kg راسته پاک نشده\n22.030 Kg خرده راسته\n20.220 Kg استیک رولی\n2.335 Kg فیلادلفیا\n3.245 Kg ضایعات \nتحویل انبار شد
ورودی انبار از آماده سازی	P457	unknown	0.0.870Kg از گلدست منجمدبود(تستی)
ورودی انبار از آماده سازی	R441	unknown	از 20.600Kg راسته گوساله\nالف: استیک رولی 9.870Kg \nب: خرده راسته 7.630Kg\nج: فیلادلفیا 1.400Kg
ورودی انبار از آماده سازی	P458	unknown	از مغزران منجمد تستی
ورودی انبار از آماده سازی	R456	unknown	از 8.800kg گوشت راسته گرم \n\nالف.   5.195  استیک رولی\nب. 2.875  خرده راسته \nتحویل گرفتم.
ضایعات	E303	unknown	الف: 0.065 g از سردست\nب: 0.125 g از درون چرخ گوشت
ضایعات	B302	unknown	از 11.360 kg کنار شنیسل پخته شده
ضایعات	I277	unknown	مقداری تخم بسته بود(بزرگ بودن) مقداری در سردخانه به دلیل خرید جعبه ای لک پوست داشت.
ضایعات	E363	unknown	الف: ضایعات سردست 0.060 گرم\nب: ضایعات خرده راسته 0.320 گرم\nج: ضایعات گوشت برگر(در چرخ گوشت گیر می کند) 0.100 گرم
ضایعات	B318	unknown	از 14.290Kg کنارشنیسل خام
ضایعات	E289	unknown	از گردن چرخی
ضایعات	E275	unknown	الف: ضایعات مایه برگر kg 0.195\nب: ضایعات گوشت راسته  kg 1.71\nج: ضایعات سر دست kg 0.075\nد: ضایعات داخل چرخ گوشت kg 0.1
ضایعات	E329	unknown	الف: 0.365Kg از سردست\nب: 0.205Kg از درون چرخ گوشت
ضایعات	E305	unknown	الف: 0.060g درون چرخ گوشت\nب: 0.065g گردن
ضایعات	E367	unknown	الف: ضایعات مایه برگر 0.195 kg\nب: ضایعات راسته گوساله 1.710 kg\nج: ضایعات سردست گوساله 0.075 kg\nد: ضایعات داخل چرخ گوشت 0.100 kg
ضایعات	E371	unknown	الف: درون چرخ گوشت 0.135kg\nب: مایه برگر 0.040kg
ضایعات	E290	unknown	الف: مغز ران 0.390 kg\nب: راسته گوساله kg2.485
ضایعات	E317	unknown	الف: درون چرخ گوشت 0.110g \nب: 0.005g خرده راسته
ضایعات	E276	unknown	از رست پخته شده
ضایعات	E313	unknown	الف: 0.185g سردست\nب: 0.120g درون چرخگوشت
ضایعات	E326	unknown	الف: 1.770Kgاز راسته گوساله\nب: 0.090Kg درون چرخگوشت
ضایعات	E364	unknown	از رست پخته شده
ضایعات	E304	unknown	الف: 0.060g رست پخته\nب: 3.245Kg دمار راسته
ضایعات	E300	unknown	الف: 0.240g از رست پخته\nب: 0.080g از مغزران خام
ضایعات	E324	unknown	الف: 0.235Kg از سردست\nب: 0.275Kg از درون چرخ گوشت
ضایعات	B288	unknown	از کنار شنیسل پخته شده
ضایعات	E279	unknown	الف: درون چرخ گوشت 0.135 kg\nب: مایه برگر 0.040 kg
ضایعات	E314	unknown	رست پخته شده
ضایعات	E297	unknown	از راسته گوساله
ضایعات	E368	unknown	رست پخته شده
ضایعات	E328	unknown	ضایعات گلدست تستی را ندارم
ضایعات	B279	unknown	از کنار شنیسل پخته شده
ضایعات	E282	unknown	الف: 0.143 kg مایه برگر\nب: 0.095 kg سردست\nج: 0.015 kg درون چرخ گوشت
ضایعات	E365	unknown	رست پخته شده: 0.130 گرم + ضایعات راسته: 2.265 کیلو گرم
ضایعات	E311	unknown	الف: 0.420g رست پخته\nب: 0.200g مغزران گوساله
ضایعات	E327	unknown	ازگوشت گردن وراسته\nالف.  65گرم ضایعات گوشت گردن \nب. 660 گرم ضایعات گوشت راسته
ضایعات	E292	unknown	از راسته گوساله
ضایعات	E318	unknown	الف: 0.175g رست پخته\nب: 0.030g مغزران\nج: 1.020Kg از راسته
ضایعات	B284	unknown	کنار شنیسل پخته شده
ضایعات	E283	unknown	الف: 0.140 kg مغز ران\nب: 0.180 kg رست پخته
ضایعات	E277	unknown	الف: 2.305 kg از راسته\nب: 0.845 kg از گردن
ضایعات	B369	unknown	الف: 500گرم برداشت مهندس\nب:3.415 کیلوگرم دوباره پخته شد که( 1.025 kg پخته قابل استفاده و 0.805 kg ضایعات گردید.
ضایعات	E298	unknown	الف. 0.04 g از مغزران گرم\nب. 0.31 g از رست پخته
ضایعات	E296	unknown	الف. 0.055g از سردست\nب. 0.075g درون چرخ گوشت
ضایعات	E356	unknown	از رست رست پخته شده
ضایعات	B305	unknown	از مرغ پیتزای مرینت شده بود که لخته خون داشت
ضایعات	E310	unknown	الف: 0.070g از سردست\nب: 0.105g درون چرخ گوشت
ضایعات	E299	unknown	الف: 0.03g از خرده استیک\nب: 0.070g از درون چرخ گوشت\nج: 0.185g از گردن
ضایعات	E369	unknown	الف: 2.305 kg از راسته گوساله\nب: 0.845 kg از گردن
ضایعات	E312	unknown	الف: 0.090g گردن\nب: 1.470kg راسته
ضایعات	E361	unknown	ضایعات رست پخته شده
ضایعات	E325	unknown	الف: 0.450Kg رست پخته\nب: 0.245Kg مغزران
ضایعات	B316	unknown	از کنار شنیسل
ضایعات	E362	unknown	الف: ضایعات خرده راسته  گرم1.205\nب: ضایعات سردست گرم0.120
ضایعات	E291	unknown	درون چرخ گوشت
ضایعات	B327	unknown	کنارشنیسل خام
نیازمندیها و مشکلات	B6	unknown	ایراد برطرف شد
